{"name": "MLTrader", "backtesting_start": {"py/object": "datetime.datetime", "__reduce__": [{"py/type": "datetime.datetime"}, ["B+QBAQAAAAAAAA==", {"py/reduce": [{"py/function": "pytz._p"}, {"py/tuple": ["America/New_York", -18000, 0, "EST"]}]}]]}, "backtesting_end": {"py/object": "datetime.datetime", "__reduce__": [{"py/type": "datetime.datetime"}, ["B+gHFhc7AAAAAA==", {"py/reduce": [{"py/function": "pytz._p"}, {"py/tuple": ["America/New_York", -14400, 3600, "EDT"]}]}]]}, "budget": 100000, "risk_free_rate": {"py/reduce": [{"py/function": "numpy.core.multiarray.scalar"}, {"py/tuple": [{"py/reduce": [{"py/type": "numpy.dtype"}, {"py/tuple": ["f8", false, true]}, {"py/tuple": [3, "<", null, null, null, -1, -1, 0]}]}, {"py/b64": "uB6F6/l+qj8="}]}]}, "minutes_before_closing": 1, "minutes_before_opening": 60, "sleeptime": "12H", "auto_adjust": false, "quote_asset": {"py/object": "lumibot.entities.asset.Asset", "symbol": "USD", "asset_type": "forex", "strike": 0.0, "multiplier": 1, "precision": null, "underlying_asset": null, "expiration": null}, "benchmark_asset": "SPY", "starting_positions": null, "parameters": {"pandas_data": null, "symbol": "SPY", "cash_at_risk": 0.5}}